{"cameraMode":{"drawMode":0,"name":"Shaded","section":"Shading Mode"},"sceneLighting":false,"audioPlay":false,"sceneViewState":{"showFog":true,"showMaterialUpdate":false,"showSkybox":true,"showFlares":true,"showImageEffects":true,"showParticleSystems":true},"in2DMode":false,"pivot":{"x":3.0362191200256349,"y":1.5091241598129273,"z":1.1807770729064942},"rotation":{"x":-0.0009355825604870915,"y":0.9986583590507507,"z":-0.04797249659895897,"w":-0.019476337358355523},"size":2.875633716583252,"orthographic":false}